position,pos_rank,overall_rank,full_name,team,age,notes,tier
QB,1,6,Lamar Jackson,BAL,29,M,1
QB,2,7,Josh Allen,BUF,30,M,1
QB,3,14,Matthew Stafford,LAR,38,MRI,2
QB,4,15,Brock Purdy,SF,27,MU,2
QB,5,16,Caleb Williams,CHI,25,M ↑,2
QB,6,17,Drake Maye,NE,24,↑,2
QB,7,20,Dak Prescott,DAL,33,,3
QB,8,21,Joe Burrow,CIN,30,MI,3
QB,9,22,Justin Herbert,LAC,28,↑,3
QB,10,23,Baker Mayfield,TB,31,,3
QB,11,77,Trevor Lawrence,JAX,27,S,4
QB,12,78,Jalen Hurts,PHI,28,S,4
QB,13,79,Jared Goff,DET,32,,4
QB,14,80,Bo Nix,DEN,26,↑,4
QB,15,101,Jayden Daniels,WAS,26,↑,5
QB,16,102,Patrick Mahomes,KC,31,MI,5
QB,17,120,Sam Darnold,SEA,29,,5
QB,18,135,Jacoby Brissett,ARI,33,,5
QB,19,136,Jaxson Dart,NYG,23,S↕,5
QB,20,137,Kyler Murray,MIN,28,↕,5
QB,21,138,Malik Willis,MIA,27,↕,5
QB,22,247,Aaron Rodgers,PIT,42,R,6
QB,23,248,C.J. Stroud,HOU,25,↑,6
QB,24,249,Bryce Young,CAR,29,,6
QB,25,250,Cam Ward,TEN,24,↑,6
QB,26,251,Tyler Shough,NO,27,↑,6
QB,27,252,Jordan Love,GB,28,↕,6
QB,28,253,Fernando Mendoza,LV,22,↑,6
QB,29,260,Anthony Richardson,IND,25,↑,6
QB,30,296,Ty Simpson,LAR,23,↑,6
QB,31,297,Deshaun Watson,CLE,30,↕,6
QB,32,298,Geno Smith,NYJ,35,R,6
QB,33,299,Daniel Jones,IND,30,I,6
QB,34,300,Michael Penix,ATL,26,I,6
QB,35,301,Tua Tagovailoa,ATL,28,I ↔,6
QB,36,302,Kirk Cousins,LV,37,R,6
QB,37,366,Shedeur Sanders,CLE,25,,7
QB,38,367,Carson Beck,ARI,24,↕,7
QB,39,368,Cade Klubnik,NYJ,22,Z,7
QB,40,369,Mac Jones,SF,28,↔,7
QB,41,370,JJ McCarthy,MIN,23,,7
QB,42,371,Jalen Milroe,SEA,24,↑,7
QB,43,372,Trey Lance,LAC,26,↑,7
QB,44,373,Kurtis Rourke,SF,25,↑ Z,7
QB,45,376,Taylen Green,CLE,23,↑,7
QB,46,377,Tanner McKee,PHI,26,,7
QB,47,378,Garrett Nussmeier,KC,24,↑ U,7
QB,48,379,Will Howard,PIT,25,↑,7
QB,49,380,Justin Fields,KC,27,↔,7
QB,50,381,Joe Flacco,CIN,41,↔,7
QB,51,382,Davis Mills,HOU,28,↔,7
QB,52,383,Tyson Bagent,CHI,27,↑ U,7
QB,53,413,Diego Pavia,BAL,24,↑ U,7
QB,54,414,Skyler Thompson,BAL,28,↑ U,7
QB,55,415,Jameis Winston,NYG,32,↕,7
QB,56,416,Marcus Mariota,WAS,33,↔,7
QB,57,417,Andy Dalton,PHI,38,R,7
QB,58,418,Carson Wentz,MIN,33,R,7
QB,59,419,Garnder Minshew,ARI,30,↔,7
QB,60,420,Mitchell Trubisky,TEN,31,↔,7
QB,61,,Chad Kelly,FA,32,↑ O,8
QB,62,,Will Levis,TEN,27,↕,8
QB,63,,Joe Milton,DAL,26,↕,8
QB,64,,Kenny Pickett,CAR,27,↔,8
QB,65,,Spencer Rattler,NO,26,R,8
QB,66,,Luke Altmyer,DET,23,Z,8
QB,67,,Kyle McCord,GB,23,,8
QB,68,,Cole Payton,PHI,23,,8
QB,69,,Jalon Daniels,TB,23,,8
QB,70,,Jack Strand,ATL,21,Z,8
QB,71,,Sawyer Robertson,LV,23,,8
QB,72,,Joe Fagnano,BAL,24,↑ Z,8
QB,73,,Athan Kaliakmanis,WAS,22,Z,8
QB,74,,Mark Gronowski,MIA,24,,8
QB,75,,Tyrod Taylor,GB,36,R,8
QB,76,,Kyle Allen,BUF,30,,8
QB,77,,Will Grier CAR,,31,,8
QB,78,,Mason Rudolph,PIT,31,,8
QB,79,,Aidan O'Connell,LV,28,,8
QB,80,,Tommy DeVito,NE,27,,8
QB,81,,Quinn Ewers,MIA,23,,8
QB,82,,Drew Lock,SEA,30,,8
QB,83,,Tyler Huntley,BAL,28,,8
QB,84,,Jake Browning,TB,30,,8
QB,85,,Case Keenum,CHI,28,,8
QB,86,,Sam Howell,DAL,25,,8
QB,87,,Jake Haener,FA,25,,8
QB,88,,Russell Wilson,FA,38,,8
QB,89,,Stetson Bennett,LAR,29,,8
QB,90,,Max Brosmer,MIN,25,,8
QB,91,,Nick Mullens,FA,31,,8
QB,92,,Jarrett Stidham,DEN,30,,8
QB,93,,Trevor Siemian,ATL,24,,8
QB,94,,Josh Johnson,CIN,40,,8
QB,95,,Shane Buechele,BUF,28,,8
QB,96,,Joshua Dobbs,FA,31,,8
QB,97,,Easton Stick,IND,31,,8
QB,98,,Zach Wilson,,27,,8
QB,99,,Clayton Tune,,27,,8
QB,100,,Herndon Hooker,,28,↔,8
QB,101,,Jarren Hall,FA,28,,8
QB,102,,Cooper Rush,LAC,33,R,8
QB,103,,Taylor Heinicke,LAC,31,,8
QB,104,,Kyle Trask,TB,28,,8
QB,105,,Trace McSorley,FA,31,Z,8
QB,106,,Carter Bradley,LV,26,,8
QB,107,,Bailey Zappe,KC,27,Z,8
QB,108,,Tanner Mordecai,SF,27,,8
QB,109,,Austin Reed,CHI,26,,8
QB,110,,Nathan Peterman,FA,32,,8
QB,111,,Blaine Gabbert,FA,37,R,8
QB,112,,Sean Clifford,GB,28,,8
QB,113,,Brett Rypien,MIN,30,U,8
QB,114,,Seth Henigan,JAX,23,,8
QB,115,,John Wolford,JAX,31,,8
QB,116,,Cole Kelley,WAS,29,,8
QB,117,,Bryce Perkins,LAR,29,,8
QB,118,,Logan Woodside,CIN,31,,8
QB,119,,Dillon Gabriel,CLE,26,,8
QB,120,,Riley Leonard,IND,24,,8
QB,121,,Desmond Ridder,FA,27,↕,8
QB,122,,Mike White,FA,31,,8
QB,123,,Sam Hartman,FA,27,,8
QB,124,,Michael Pratt,FA,25,,8
QB,125,,Jack Plummer,FA,27,,8
QB,126,,Matt Corral,FA,27,U,8
QB,127,,Devin Leary,FA,27,,8
QB,128,,Emory Jones,FA,26,,8
QB,129,,Haynes King,CAR,25,,8
QB,130,,Drew Allar,PIT,22,,8
QB,131,,Bheren Morton,NE,24,,8
QB,132,,John Rhys,Plumlee  UFA,25,,8
QB,133,,Max Duggan,FA,25,,8
QB,134,,Kedon Slovis,FA,25,,8
QB,135,,Gavin Hardison,FA,24,,8
QB,136,,Taulia Tagovailo,FA,26,,8
QB,137,,Jason Bean,FA,28,,8
QB,138,,Rocky Lombardi,FA,28,,8
QB,139,,Kellen Mond,FA,27,,8
QB,140,,Ian Book,FA,29,,8
QB,141,,Graham Mertz,HOU,26,,8
QB,142,,Cam Miller,LV,25,,8
QB,143,,Ethan Garbers,CAR,24,,8
QB,144,,Payton Thorne,CIN,25,,8
QB,145,,D.J. Uiagalelei,LAC,25,,8
QB,146,,Brady Cook,NYJ,25,,8
QB,147,,Jake Retzlaff,SEA,22,,8
QB,148,,Chandler Morris,TB,22,,8
QB,149,,Kaidon Salter,TEN,22,,8
QB,150,,Joey Aguilar,JAX,22,,8
QB,151,,Jacob Clark,LV,22,,8
QB,152,,Matthew Caldwell,LAR,22,,8
QB,153,,Kyron Drones,GB,22,,8
RB,1,3,Jahmyr Gibbs,DET,24,,1
RB,2,4,Bijan Robinson,ATL,26,,1
RB,3,5,Christian McCaffrey,SF,30,MRI,1
RB,4,8,Ashton Jeanty,LV,23,,2
RB,5,9,Derrick Henry,BAL,32,MR,2
RB,6,10,James Cook,BUF,27,,2
RB,7,28,Jonathan Taylor,IND,27,,3
RB,8,29,Chase Brown,CIN,26,,3
RB,9,30,Kyren Williams,LAR,26,,3
RB,10,31,Breece Hall,NYJ,25,,3
RB,11,32,Cam Skattebo,NYG,24,I,3
RB,12,33,Jeremiyah Love,ARI,21,,3
RB,13,34,Saquon Barkley,PHI,29,MR,3
RB,14,45,Quinshon Judkins,CLE,23,I,3
RB,15,46,Rachaad White,WAS,27,U,3
RB,16,47,Josh Jacobs,GB,28,O,3
RB,17,48,Devon Achane,MIA,25,I,4
RB,18,56,Kenneth Walker,KC,25,M I,4
RB,19,57,Javonte Williams,DAL,26,,4
RB,20,58,Omarion Hampton,LAC,23,↕,4
RB,21,59,Rico Dowdle,PIT,27,,4
RB,22,60,Kenneth Gainwell,TB,27,U,4
RB,23,61,D'Andre Swift,CHI,27,,4
RB,24,62,Kyle Monangai,CHI,24,U,4
RB,25,70,TreVeyon Henderson,NE,24,↕,4
RB,26,71,Travis Etienne,NO,27,,4
RB,27,72,David Montgomery,HOU,28,,4
RB,28,73,Rhamondre Stevenson,NE,28,U,4
RB,29,82,Jaylen Warren,PIT,28,,4
RB,30,84,Tony Pollard,TEN,29,R,4
RB,31,97,Jacory Croskey-Merritt,WAS,25,↑,5
RB,32,98,Jadarian Price,SEA,22,↑,5
RB,33,99,Emanuel Wilson,SEA,27,,5
RB,34,100,Jonathon Brooks,CAR,22,MZI↑,5
RB,35,103,Keaton Mitchell,LAC,24,I↑,5
RB,36,114,RJ Harvey,DEN,25,↕,5
RB,37,119,Bhayshul Tuten,JAX,24,↑,5
RB,38,129,J.K. Dobbins,DEN,27,MI,5
RB,39,130,Woody Marks,HOU,25,,5
RB,40,131,Blake Corum,LAR,26,↑,5
RB,41,133,Chris Brooks,GB,26,U,5
RB,42,139,Jordan Mason,MIN,27,,5
RB,43,140,Chris Rodriguez,JAX,25,,5
RB,44,141,Chuba Hubbard,CAR,27,,5
RB,45,142,Aaron Jones,MIN,32,MR,5
RB,46,143,Alvin Kamara,NO,30,MR,5
RB,47,154,Brian Robinson,ATL,27,,5
RB,48,155,Bucky Irving,TB,24,I,5
RB,49,156,Dylan Sampson,CLE,22,,5
RB,50,157,Sean Tucker,TB,25,↑,5
RB,51,158,Ray Davis,BUF,27,↑,5
RB,52,159,Tyrone Tracy,NYG,27,,5
RB,53,160,Tank Bigsby,PHI,24,,5
RB,54,161,Tyjae Spears,TEN,26,I,5
RB,55,162,Kaelon Black,SF,24,,5
RB,56,163,Tyler Allgeier,ARI,26,,5
RB,57,164,Isiah Pacheco,DET,27,,5
RB,58,169,Jordan James,SF,22,,5
RB,59,170,Demond Claiborne,MIN,22,Z↑,5
RB,60,176,Isaiah Davis,NYJ,24,,5
RB,61,177,Jaylen Wright,MIA,23,,5
RB,62,178,Tahj Brooks,CIN,24,Z,5
RB,63,179,Emmett Johnson,KC,22,U↑,5
RB,64,180,Nicholas Singleton,TEN,22,Z↑,5
RB,65,181,James Conner,ARI,31,R↑,5
RB,66,186,Samaje Perine,CIN,23,R,5
RB,67,187,Mike Washington,LV,23,↕,5
RB,68,188,Malik Davis,DAL,27,,5
RB,69,189,Kimani Vidal,LAC,25,,5
RB,70,190,Emari Demercado,KC,27,,5
RB,71,191,Jonah Coleman,DEN,22,,5
RB,72,196,Zach Charbonnet,SEA,25,I,5
RB,73,197,Trey Benson,ARI,23,↑,5
RB,74,198,Braelon Allen,NYJ,22,↑,5
RB,75,199,Nick Chubb,FA,31,R I F,5
RB,76,200,Mar'Shawn Lloyd,GB,25,I,5
RB,77,210,Justice Hill,BAL,29,,6
RB,78,211,Ty Johnson,BUF,29,,6
RB,79,212,Ollie Gordon,MIA,22,↕,6
RB,80,217,Devin Singletary,NYG,29,↔,6
RB,81,218,Jaydon Blue,DAL,22,↕,6
RB,82,219,Kaleb Johnson,PIT,24,↕,6
RB,83,220,Seth McGowan,IND,24,,6
RB,84,221,Kendre Miller,NO,24,I,6
RB,85,222,Dameon Pierce,PHI,26,,6
RB,86,223,Jerome Ford,WAS,26,,6
RB,87,224,Kaytron Allen,WAS,26,,6
RB,88,225,Audric Estime,NO,22,,6
RB,89,226,J'Mari Taylor,JAX,24,,6
RB,90,227,Damien Martinez,GB,22,↑U,6
RB,91,228,Jarquez Hunter,LAR,24,,6
RB,92,229,Trevor Etienne,CAR,21,,6
RB,93,261,AJ Dillon,CAR,28,,6
RB,94,262,DJ Giddens,IND,23,R,6
RB,95,263,Bam Knight,ARI,24,↔,6
RB,96,303,Corey Kiner,ARI,23,,6
RB,97,304,Jermar Jefferson,,26,↔,6
RB,98,305,Cam Akers,,27,,6
RB,99,306,TJ Harden,CLE,22,Z,6
RB,100,307,Davon Booth,CLE,24,Z,6
RB,101,308,George Holani,SEA,26,,6
RB,102,309,Sione Vaki,DET,25,,6
RB,103,310,Brashard Smith,KC,23,,6
RB,104,311,Tyler Goodson,ATL,25,,6
RB,105,312,Jamal Haynes,CIN,23,Z,6
RB,106,313,Michael Carter,TEN,27,,6
RB,107,314,Julius Chestnut,TEN,25,↔,7
RB,108,315,Coleman Bennett,CHI,23,,7
RB,109,316,Jaleel McLaughlin,DEN,25,↔,7
RB,110,317,Desmond Reid,BUF,21,Z,7
RB,111,318,Isaac Guerendo,SF,25,I↕,7
RB,112,319,Khalil Herbert,IND,28,U R,7
RB,113,320,Jeremy McNichols,WAS,30,↔,7
RB,114,321,Brittain Brown,CHI,28,,7
RB,115,322,Phil Mafah,DAL,24,↔,7
RB,116,323,Adam Randall,BAL,21,,7
RB,117,324,LeQuint Allen,JAX,22,↔,7
RB,118,325,Roman Hemby,LV,23,,7
RB,119,326,Will Shipley,PHI,23,↔,7
RB,120,327,Israel Abanikanda,DAL,23,,7
RB,121,328,Kenny McIntosh,SEA,26,I,7
RB,122,330,Roschon Johnson,CHI,25,↔,7
RB,123,384,Patrick Taylor,SF,28,,7
RB,124,385,Rasheen Ali,BAL,25,,7
RB,125,386,Sincere McCormick,FA,26,,7
RB,126,387,Jahwar Jordan,HOU,26,,7
RB,127,388,Zavier Scott,MIN,26,↔,7
RB,128,389,Donovan Edwards,MIA,23,↔,7
RB,129,390,Jacob Saylors,DET,25,,7
RB,130,391,Jam Miller,NE,22,,7
RB,131,392,Ulysses Bentley,IND,25,↔,7
RB,132,,Jadyn Ott,KC,23,↔,8
RB,133,,Sione Vaki,DET,25,,6
RB,134,,Pierre Strong,,28,,8
RB,135,,Ronnie Rivers,LAR,27,↔,8
RB,136,,Deuce Vaughn,FA,24,↔,8
RB,137,,Travis Homer,PIT,27,↔,8
RB,138,,Tyler Badie,DEN,26,↔,8
RB,139,,Lan Larison,NE,23,↔,8
RB,140,,Dylan Laube,LV,27,,8
RB,141,,Raheim Sanders,CLE,23,↔,8
RB,142,,Kyle Juszczyk,SF,35,R,8
RB,143,,British Brooks,HOU,26,↔,8
RB,144,,Kene Nwangwu,NYJ,28,↔,8
RB,145,,Gary Brightwell,CIN,27,↔,8
RB,146,,Kalel Mullings,TEN,23,↔,8
RB,147,,Evan Hull,FA,26,↔,8
RB,148,,Kendall Milton,CIN,23,↔,8
RB,149,,Mario Anderson,FA,25,,8
RB,150,,Marcus Yarns,FA,25,↔,8
RB,151,,Johnson Montrell,FA,24,,8
RB,152,,Austin Ekeler,WAS,30,MR,8
RB,153,,Gus Edwards,FA,30,R,8
RB,154,,Miles Sanders,DAL,28,R,8
RB,155,,Blake Watson,DEN,27,Z,8
RB,156,,Ty Chandler,NO,28,↔  R,8
RB,157,,Zamir White,LV,27,,8
RB,158,,Antonio Gibson,NE,27,F,8
RB,159,,Alexander Mattison,MIA,28,R,8
RB,160,,Trey Sermon,PIT,27,Z R,8
RB,161,,Eric Gray,NYG,27,R,8
RB,162,,Elijah Mitchell,KC,28,I R,8
RB,163,,Isaiah Spiller,FA,25,↑,8
RB,164,,Myles Gaskin,FA,29,↔  R,8
RB,165,,Jamaal Williams,FA,31,R,8
RB,166,,DOnta Foreman,FA,30,R,8
RB,167,,Nyheim Hines,FA,30,↔ I R,8
RB,168,,Boston Scott,FA,31,U R,8
RB,169,,Chris Evans,FA,29,↔ I R,8
RB,170,,Raheem Blackshear,CAR,29,↔ R,8
RB,171,,JaMycal Hasty,FA,30,R,8
RB,172,,Jaret Patterson,LAC,27,R,8
RB,173,,DeeJay Dallas,ARI,28,↔ R,8
RB,174,,Carlos Washington,ATL,28,R,8
RB,175,,Hassan Haskins,LAC,27,↔,8
WR,1,1,Ja'Marr Chase,CIN,26,,1
WR,2,2,Puka Nacua,LAR,26,O,1
WR,3,11,Jaxson Smith-Njigba,SEA,24,,2
WR,4,12,Justin Jefferson,MIN,27,,2
WR,5,13,Amon-Ra St. Brown,DET,27,,2
WR,6,18,Rashee Rice,KC,26,O,2
WR,7,19,Ladd McConkey,LAC,25,,2
WR,8,25,Drake London,ATL,24,,3
WR,9,26,CeeDee Lamb,DAL,26,,3
WR,10,27,Chris Olave,NO,26,I,3
WR,11,35,Michael Wilson,ARI,26,U,3
WR,12,36,George Pickens,DAL,25,↕,3
WR,13,37,Carnell Tate,TEN,21,U,3
WR,14,38,Jameson Williams,DET,25,,3
WR,15,39,Garrett Wilson,NYJ,26,,3
WR,16,40,Emeka Egbuka,TB,24,,3
WR,17,41,Zay Flowers,BAL,26,,3
WR,18,42,Jayden Reed,GB,26,U,3
WR,19,43,A.J. Brown,NE,28,I,3
WR,20,44,DeVonta Smith,PHI,28,,3
WR,21,49,Luther Burden,CHI,22,,4
WR,22,52,Alec Pierce,IND,26,U,4
WR,23,53,Tetairoa McMIllan,CAR,23,,4
WR,24,54,Davante Adams,LAR,34,R,4
WR,25,55,Chris Godwin,TB,30,R I,4
WR,26,64,Tee Higgins,CIN,27,,4
WR,27,65,Jakobi Meyers,JAX,29,,4
WR,28,66,Parker Washington,JAX,24,U,4
WR,29,67,Courtland Sutton,DEN,31,R,4
WR,30,68,Nico Collins,HOU,27,I,4
WR,31,69,Rome Odunze,CHI,24,I,4
WR,32,74,Jaylen Waddle,DEN,27,,4
WR,33,76,Quentin Johnston,LAC,25,,4
WR,34,81,Makai Lemon,PHI,22,,4
WR,35,83,DJ Moore,BUF,29,,4
WR,36,86,Wan'Dale Robinson,TEN,25,,4
WR,37,87,DK Metcalf,PIT,28,,4
WR,38,88,Michael Pittman,PIT,28,,4
WR,39,89,Ricky Pearsall,SF,26,,4
WR,40,92,Malik Washington,MIA,25,Z,4
WR,41,93,Matthew Golden,GB,23,↑,4
WR,42,94,Jordan Addison,MIN,24,,4
WR,43,95,Jr. Marvin Harrison,ARI,24,↑,4
WR,44,96,Mike Evans,SF,33,R I,4
WR,45,104,Khalil Shakir,BUF,26,,5
WR,46,105,Brian Thomas,JAX,24,↑,5
WR,47,106,Christian Watson,GB,27,I,5
WR,48,107,Malik Nabers,NYG,23,I,5
WR,49,108,Antonio Williams,WAS,21,,5
WR,50,111,Josh Downs,IND,25,,5
WR,51,112,Xavier Worthy,KC,23,,5
WR,52,113,KC Concepcion,CLE,21,↑,5
WR,53,115,Jaylin Noel,HOU,24,,5
WR,54,117,Jayden Higgins,HOU,24,,5
WR,55,121,Tre Tucker,LV,25,,5
WR,56,122,Jalen Coker,CAR,27,,5
WR,57,125,Romeo Doubs,NE,26,,5
WR,58,132,Germie Bernard,PIT,22,,5
WR,59,134,Cooper Kupp,SEA,33,R,5
WR,60,147,Omar Cooper,NYJ,22,↑,5
WR,61,148,Rashod Bateman,BAL,27,↕,5
WR,62,149,Jalen Nailor,LV,27,,5
WR,63,150,Rashid Rasheed,SEA,27,,5
WR,64,151,Ryan Flournoy,DAL,26,,5
WR,65,152,Chris Brazzell II,CAR,22,↑,5
WR,66,153,Tyquan Thornton,KC,25,,5
WR,67,165,Calvin Austin III,NYG,27,,5
WR,68,166,Travis Hunter,JAX,23,↕,5
WR,69,167,Jerry Jeudy,CLE,27,↕,5
WR,70,168,Christian Kirk,SF,29,U,5
WR,71,192,Andrei Iosivas,CIN,27,↔,5
WR,72,193,Elijah Sarratt,BAL,23,,5
WR,73,194,Kyle Williams,NE,24,↕,5
WR,74,195,Jauan Jennings,MIN,28,↔,5
WR,75,202,Darius Slayton,NYG,29,,6
WR,76,203,Luke McCaffrey,WAS,25,,6
WR,77,204,Jordyn Tyson,NO,21,↑ I,6
WR,78,205,Malachi Fields,NYG,22,Z U,6
WR,79,206,Tre Harris,LAC,24,↑,6
WR,80,207,Isaiah Bond,CLE,22,↑ O,6
WR,81,208,Keon Coleman,BUF,23,↑,6
WR,82,209,Ted Hurst,TB,21,↑,6
WR,83,213,Jalen Tolbert,MIA,27,,6
WR,84,214,Isaac TeSlaa,DET,24,↑,6
WR,85,215,Darnell Mooney,NYG,28,,6
WR,86,216,Dontayvion Wicks,PHI,24,,6
WR,87,230,Nick Westbrook-Ikhine,IND,29,↔,6
WR,88,231,Denzel Boston,CLE,22,,6
WR,89,232,Savion Williams,GB,25,↑,6
WR,90,233,DeMario Douglas,NE,24,↔,6
WR,91,234,Tutu Atwell,MIA,26,↔,6
WR,92,235,Kendrick Bourne,ARI,30,R,6
WR,93,236,Adonai Mitchell,NYJ,23,↕,6
WR,94,237,Calvin Ridley,TEN,31,R,6
WR,95,238,Pat Bryant,DEN,23,↔,6
WR,96,239,Jalen McMillan,TB,25,,6
WR,97,240,Tory Horton,SEA,24,,6
WR,98,241,Jimmy Horn,CAR,23,,6
WR,99,242,Kalif Raymond,CHI,31,,6
WR,100,243,Jack Bech,LV,24,,6
WR,101,244,Tez Johnson,TB,24,U,6
WR,102,245,Davaughn Vele,NO,28,↔,6
WR,103,246,Troy Franklin,DEN,23,↕,6
WR,104,264,Tank Dell,HOU,26,I,6
WR,105,265,Xavier Smith,LAR,28,,6
WR,106,266,Mack Hollins,NE,32,R,6
WR,107,267,Devontez Walker,BAL,25,↔,6
WR,108,268,Jahan Dotson,ATL,25,,6
WR,109,269,Olamide Zaccheaus,ATL,28,U,6
WR,110,270,Konata Mumpfield,LAR,24,Z,6
WR,111,271,Hollywood Brown,PHI,29,I,6
WR,112,272,Brenen Thompson,LAC,22,,6
WR,113,273,Deion Burks,IND,23,,6
WR,114,274,Marvin Mims,DEN,24,↔,6
WR,115,275,Kevin Coleman,MIA,22,↕,6
WR,116,276,Greg Dortch,DET,28,,6
WR,117,277,Xavier Hutchinson,HOU,26,,6
WR,118,278,Skyler Bell,BUF,23,↑,6
WR,119,329,Jalen Royals,KC,23,↑,7
WR,120,331,Jordan Whittington,LAR,26,↔,7
WR,121,332,Dyami Brown,WAS,26,↔,7
WR,122,333,Chris Bell,MIA,21,I,7
WR,123,334,Tai Felton,MIN,23,↕,7
WR,124,335,Zavion Thomas,CHI,22,,7
WR,125,336,De'Zhaun Stribling,SF,23,↑,7
WR,126,337,Demarcus Robinson,SF,32,R,7
WR,127,338,Zachariah Branch,ATL,22,,7
WR,128,339,Ja'Kobi Lane,BAL,21,↔,7
WR,129,340,Xavier Legette,CAR,25,↕,7
WR,130,341,Cedric Tillman,CLE,26,,7
WR,131,342,Chimere Dike,TEN,23,,7
WR,132,343,Elic Ayomanor,TEN,23,↕,7
WR,133,344,Efton Chism III,NE,24,,7
WR,134,345,Elijah Moore,PHI,26,↔,7
WR,135,346,Colbie Young,CIN,23,,7
WR,136,347,Odell Beckham,NYG,33,RI,7
WR,137,348,Bryce Lance,NO,23,↑,7
WR,138,349,Marquez Valdes-Scantling,DAL,31,R,7
WR,139,350,Treylon Burks,WAS,26,↕,7
WR,140,351,KeAndre Lambert-Smith,LAC,23,,7
WR,141,352,Devin Duvernay,ARI,28,U,7
WR,142,353,Ashton Dulin,IND,29,↔,7
WR,143,354,Barion Brown,NO,22,,7
WR,144,355,KJ Osborn,TEN,28,↔,7
WR,145,356,Tyrell Shavers,BUF,28,,7
WR,146,357,Emmanuel Henderson,SEA,22,↑,7
WR,147,358,Jamari Thrash,CLE,25,,7
WR,148,359,Jaylin Lane,WAS,24,↕,7
WR,149,360,Bub Means,NO,25,,7
WR,150,361,Joshua Palmer,BUF,27,,7
WR,151,362,Jr. Dont'e Thornton,LV,24,↔,7
WR,152,363,Tim Patrick,NYJ,32,R,7
WR,153,364,Isaiah Williams,NYJ,25,↔,7
WR,154,365,Roman Wilson,PIT,25,,7
WR,155,,Ben Skowronek,PIT,29,,8
WR,156,,Arian Smith,NYJ,25,,8
WR,157,,Casey Washington,ATL,25,,8
WR,158,,Cyrus Allen,KC,23,Z,8
WR,159,,Caleb Douglas,MIA,22,,8
WR,160,,Jahdae Walker,CHI,23,,8
WR,161,,Mitchell Tinsley,CIN,26,↔,8
WR,162,,Justin Watson,HOU,30,R,8
WR,163,,Vinny Anthony,ATL,22,,8
WR,164,,Scotty Miller,CHI,28,↔,8
WR,165,,Derius Davis,LAC,26,↔,8
WR,166,,Jordan Watkins,SF,24,,8
WR,167,,Anthony Gould,IND,25,↔,8
WR,168,,Jake Bobo,SEA,28,↔,8
WR,169,,David Moore,CAR,31,R,8
WR,170,,Malik Benson,LV,23,↑,8
WR,171,,Charlie Jones,CIN,28,,8
WR,172,,Bo Melton,GB,27,,8
WR,173,,Kendrick Law,DET,21,Z,8
WR,174,,Skyy Moore,SF,25,↔,8
WR,175,,Jeshaun Jones,MIN,26,,8
WR,176,,Tyler Johnson,DAL,27,,8
WR,177,,Johnny Wilson,PHI,25,,8
WR,178,,Xavier Weaver,ARI,23,Z,8
WR,179,,Austin Trammell,JAX,28,,8
WR,180,,Josh Cameron,JAX,23,↑,8
WR,181,,Eli Heidenreich,PIT,22,↑,8
WR,182,,CJ Daniels,LAR,24,↔,8
WR,183,,Dareke Young,LV,27,,8
WR,184,,Xavier Guillory,BAL,24,↔,8
WR,185,,Reggie Virgil,ARI,22,,8
WR,186,,Dominic Lovett,DET,24,,8
WR,187,,Myles Price,MIN,24,,8
TE,1,24,Tre McBride,ARI,26,M,1
TE,2,50,Colston Loveland,CHI,22,M,2
TE,3,51,Brock Bowers,LV,24,M,2
TE,4,63,Kyle Pitts,ATL,25,,2
TE,5,75,Mark Andrews,BAL,31,R,2
TE,6,85,Travis Kelce,KC,36,R,2
TE,7,90,Jr. Harold Fannin,CLE,22,,2
TE,8,91,Jake Ferguson,DAL,26,,2
TE,9,109,Dalton Kincaid,BUF,27,,3
TE,10,110,Juwan Johnson,NO,29,,3
TE,11,116,Isaiah Likely,NYG,26,,3
TE,12,118,T.J. Hockenson,MIN,29,,3
TE,13,123,Pat Freiermuth,PIT,28,,3
TE,14,124,George Kittle,SF,33,RI,3
TE,15,126,Tyler Warren,IND,26,↑,3
TE,16,127,Hunter Henry,NE,32,R,3
TE,17,128,Tucker Kraft,GB,25,I,3
TE,18,144,Dallas Goedert,PHI,31,,3
TE,19,145,Dalton Schultz,HOU,30,,3
TE,20,146,Chig Okonkwo,WAS,25,,3
TE,21,171,A.J. Barner,SEA,24,↔,3
TE,22,172,Evan Engram,DEN,32,R,3
TE,23,173,Mason Taylor,NYJ,22,U,3
TE,24,174,David Njoku,LAC,29,,3
TE,25,175,Theo Johnson,NYG,25,,3
TE,26,182,Colby Parkinson,LAR,37,R,3
TE,27,183,Cade Otton,TB,27,,3
TE,28,184,Brenton Strange,JAX,26,,3
TE,29,185,Sam LaPorta,DET,24,I,3
TE,30,201,Greg Dulcich,MIA,26,,3
TE,31,254,Mike Gesicki,CIN,31,↔,4
TE,32,255,Kenyan Sadiq,NYJ,21,↑,4
TE,33,256,Darnell Washington,PIT,25,,4
TE,34,257,Terrance Ferguson,LAR,24,↕,4
TE,35,258,Gunnar Helm,TEN,23,,4
TE,36,259,Tyler Higbee,LAR,33,I R,4
TE,37,279,Matthew Hibner,BAL,24,Z,4
TE,38,280,Erick All,CIN,25,I Z,4
TE,39,281,Elijah Arroyo,SEA,23,↑,4
TE,40,282,Eli Stowers,PHI,23,↑,4
TE,41,283,Tyler Conklin,DET,31,,4
TE,42,284,Michael Mayer,LV,25,↔,4
TE,43,285,Jackson Hawes,BUF,26,↑,4
TE,44,286,Noah Gray,KC,26,,4
TE,45,287,Dawson Knox,BUF,30,,4
TE,46,288,Ja'Tavion Sanders,CAR,23,↑,4
TE,47,289,Oronde Gadsden,LAC,23,↕,4
TE,48,290,Sam Roush,CHI,22,↑,4
TE,49,291,Austin Hooper,ATL,31,,4
TE,50,292,Jake Tonges,SF,26,,4
TE,51,293,Max Klare,LAR,22,↑,4
TE,52,294,Noah Fant,NO,28,,4
TE,53,295,Cole Kmet,CHI,27,↔,4
TE,54,374,Adam Trautman,DEN,29,,5
TE,55,375,Michael Trigg,DAL,23,Z ↑,5
TE,56,393,Carsen Ryan,CLE,22,Z,5
TE,57,394,Mitchell Evans,CAR,23,,5
TE,58,395,Tommy Tremble,CAR,26,↔,5
TE,59,396,Foster Moreau,HOU,29,I,5
TE,60,397,Tanner Hudson,CIN,32,R,5
TE,61,398,Mo Alie-Cox,IND,33,,5
TE,62,399,Joe Royer,CLE,24,,5
TE,63,400,Julian Hill,NE,25,,5
TE,64,401,Drew Sample,CIN,30,↔,5
TE,65,402,Daniel Bellinger,TEN,25,↔,5
TE,66,403,Oscar Delp,NO,22,Z,5
TE,67,404,Nate Boerkircher,JAX,24,,5
TE,68,405,Josh Oliver,MIN,29,,5
TE,69,406,Brock Wright,DET,27,↔,5
TE,70,407,Thomas Fidone,NYG,23,Z,5
TE,71,408,Charlie Kolar,LAC,27,Z,5
TE,72,409,Ben Sinnott,WAS,24,Z,5
TE,73,410,Hunter Long,JAX,28,↔,5
TE,74,411,Will Kacmarek,MIA,23,,5
TE,75,412,Josh Cuevas,BAL,22,,5
TE,76,421,ARI Tip Reiman,,25,↔,5
TE,77,422,Elijah Higgins,ARI,26,,5
TE,78,423,Luke Musgrave,GB,25,,5
TE,79,,Jeremy Ruckert,NYJ,26,↔,6
TE,80,,Kyle Granson,TEN,28,↔,6
TE,81,,Eli Raridon,NE,22,↕,6
TE,82,,Drew Ogletree,IND,27,,6
TE,83,,Blake Whiteheart,CLE,26,↔,6
TE,84,,Lake McRee,PIT,23,,6
TE,85,,Marlin Klein,HOU,23,,6
TE,86,,Johnny Mundt,PHI,31,↔,6
TE,87,,Justin Joly,DEN,21,,6
TE,88,,Josh Whyle,GB,26,,6
TE,89,,Jake Briningstool,KC,23,↔,6
TE,90,,Patrick Ricard,BAL,32,R,6
TE,91,,Charlie Woerner,ATL,28,,6
TE,92,,Jaheim Bell,PIT,24,↔,6
TE,93,,Seydou Traore,MIA,23,,6
TE,94,,Ian Thomas,LV,30,,6
TE,95,,Payne Durham,TB,26,,6
TE,96,,Stephen Carlson,CHI,29,,6
TE,97,,Gavin Bartholomew,MIN,23,,6
TE,98,,Grant Calcaterra,PHI,28,,6
TE,99,,Brevyn Spann-Ford,DAL,23,,6
TE,100,,Lucas Krull,DEN,28,↔,6
TE,101,,Will Mallory,NO,27,↔,6
TE,102,,Luke Schoonmaker,DAL,27,,6
TE,103,,Jared Wiley,KC,25,,6
TE,104,,James Mitchell,CAR,26,,6
TE,105,,Chris Manhertz,NYG,34,R,6
TE,106,,Harrison Bryant,SEA,28,,6
TE,107,,Ben Sims,MIA,26,↔,6
TE,108,,Ko Kieft,TB,28,↔,6
TE,109,,Luke Farrell,SF,29,↔,6
TE,110,,Eric Saubert,SEA,24,,6
TE,111,,Colson Yankoff,WAS,26,,6
TE,112,,Brayden Willis,SF,27,,6
TE,113,,Teagan Quintoriano,ARI,26,,6
TE,114,,Moliki Matavao,NO,23,,6
TE,115,,Tanner Koziol,JAX,23,,6
TE,116,,David Martin-Robinson,TEN,26,,6
TE,117,,Jelani Woods,NYJ,27,,6
